window,wordsim,analogy,outlier
7,0.6374049655682843,0.4416564039408867,0.5
